<?xml version="1.0" encoding="utf-8"?>
<!DOCTYPE metadata SYSTEM "http://www.fgdc.gov/metadata/fgdc-std-001-1998.dtd"[]>
<metadata>
  <idinfo>
    <citation>
      <citeinfo>
        <origin>New Mexico Geospatial Data Acquisition Coordination Committee (GDACC), State of New Mexico</origin>
        <pubdate>20071130</pubdate>
        <title>35106-A5</title>
        <edition>1.0</edition>
        <geoform>raster digital data</geoform>
        <serinfo>
          <sername>New Mexico Digital Terrain Model</sername>
          <issue>November 2007</issue>
        </serinfo>
        <pubinfo>
          <pubplace>Albuquerque, NM</pubplace>
          <publish>GDACC, EDAC</publish>
        </pubinfo>
        <onlink>calculated</onlink>
        <lworkcit>
          <citeinfo>
            <origin>New Mexico Geospatial Data Acquisition Coordination Committee</origin>
            <pubdate>20071130</pubdate>
            <title>New Mexico Digital Elevation Models &amp; Contours</title>
            <edition>1.0</edition>
            <geoform>raster &amp; vector digital data</geoform>
            <othercit>This project was created from the 2005/6 DOQQ project. For individual flight dates, please refer to the individual DOQQs.</othercit>
            <onlink>http://rgis.unm.edu/</onlink>
          </citeinfo>
        </lworkcit>
      </citeinfo>
    </citation>
    <descript>
      <abstract>This dataset shows one of the USGS quadrangles from the statewide digital terrain model (DTM) collection for the State of New Mexico.  Out of the entire state of approximately 2,250 quadrangles, 1,437 were prepared in fall 2007. Digital Elevation Models (DEMs), now called Digital Terrain Models (DTM) were generated using auto-correlated surfaces from digital imagery captured during the 2005 and 2006 summer flying seasons.</abstract>
      <purpose>The contour/elevation data were part of the second phase of the NM Orthophotography project to produce new elevation data. The project focused on Digital Elevation Models (Digital Terrain Model, DTM), relief imagery, and contours. These data are primarily used for water modeling, floodplain analyses, and various environmental studies.</purpose>
      <supplinf>This format is a hillshade (.tif).  The data are available in many formats including USGS DEM (.dem), ESRI binary floating-point (.flt), and three column text (.txt).  There are also hillshades in tagged image file format (TIFF), and contours in shapefile (SHP) format. Due to the large file size with the contour shapefiles, they will need to be ordered through RGIS. The other formats will be downloadable through RGIS (http://rgis.unm.edu/).</supplinf>
    </descript>
    <timeperd>
      <timeinfo>
        <rngdates>
          <begdate>20050707</begdate>
          <enddate>20060917</enddate>
        </rngdates>
      </timeinfo>
      <current>ground condition</current>
    </timeperd>
    <status>
      <progress>Complete</progress>
      <update>None planned</update>
    </status>
    <spdom>
      <bounding>
        <westbc>-106.626092527991</westbc>
        <eastbc>-106.498956570755</eastbc>
        <northbc>35.127539882211</northbc>
        <southbc>34.9975111508943</southbc>
      </bounding>
    </spdom>
    <keywords>
      <theme>
        <themekt>ISO 19115 Topic Categories</themekt>
        <themekey>elevation</themekey>
      </theme>
      <place>
        <placekt>Geographic Names Information System</placekt>
        <placekey>United States</placekey>
        <placekey>New Mexico</placekey>
        <placekey>Albuquerque East, NM quadrangle</placekey>
      </place>
    </keywords>
    <accconst>None</accconst>
    <useconst>None. Resource Geographic Information System (RGIS) Program assumes no liability for misuse of the data. Data should be used at the scale for which they were intended. No warranty, expressed, or implied, is made by Earth Data Analysis Center (EDAC), 3001 Inc., or Bohannan-Huston, Inc. (BHI) regarding the utility of the data on any other system, nor shall the act of distribution constitute such warranty.</useconst>
    <ptcontac>
      <cntinfo>
        <cntorgp>
          <cntorg>Bohannan-Huston, Inc.</cntorg>
          <cntper>Dennis Sandin</cntper>
        </cntorgp>
        <cntpos>Senior Vice President &amp; Managing Principal</cntpos>
        <cntaddr>
          <addrtype>mailing and physical address</addrtype>
          <address>7500 Jefferson St NE</address>
          <address>Courtyard I</address>
          <city>Albuquerque</city>
          <state>NM</state>
          <postal>87109-4335</postal>
          <country>USA</country>
        </cntaddr>
        <cntvoice>505-798-7925</cntvoice>
        <cntfax>505-798-7932</cntfax>
        <cntemail>dsandin@bhinc.com</cntemail>
        <hours>8-5 M-Th 8-4:30 F (Mountain Time)</hours>
        <cntinst>Contact Mr. Sandin and he will put the caller in touch with the appropriate technical staff.</cntinst>
      </cntinfo>
    </ptcontac>
    <browse>
      <browsen>browsefileplaceholder</browsen>
      <browsed>browsedescplaceholder</browsed>
      <browset>browsetypeplaceholder</browset>
    </browse>
    <datacred>This project was a partnership of federal and state agencies, and local governments coordinated by the New Mexico Geospatial Data Acquisition Coordination Committee.</datacred>
    <native>Microsoft Windows 2000 Version 5.0 (Build 2195) Service Pack 4; ESRI ArcCatalog 9.2.4.1420</native>
  </idinfo>
  <dataqual>
    <attracc>
      <attraccr>TIFF's have no attributes, only a band of greyscale pixels rendering a hillshade of the terrain.</attraccr>
      <qattracc>
        <attraccv>N/A</attraccv>
        <attracce>There are no attributes.</attracce>
      </qattracc>
    </attracc>
    <logic>TIFF's covering USGS 7.5-minute quadrangles plus overlap were checked for erroneous values and consistency of values in overlap area between adjacent quadrangles.</logic>
    <complete>TIFF's covering USGS 7.5-minute quadrangles plus overlap were checked for holes and edge overlap between adjacent quadrangles.</complete>
    <posacc>
      <horizpa>
        <horizpar>Because the product is a rendering that produces no sharply defined edges, its accuracy was not tested.</horizpar>
        <qhorizpa>
          <horizpav>0.0</horizpav>
          <horizpae>Since the accuracy was not tested, it has no value.</horizpae>
        </qhorizpa>
      </horizpa>
      <vertacc>
        <vertaccr>The product is a two dimensional rendering of the ground and has no vertical component, and therefore has no vertical accuracy.</vertaccr>
        <qvertpa>
          <vertaccv>0.0</vertaccv>
          <vertacce>While the DEM from which the TIFF was rendered was tested for accuracy, the rendering itself is a derived product and has no accuracy.</vertacce>
        </qvertpa>
      </vertacc>
    </posacc>
    <lineage>
      <srcinfo>
        <srccite>
          <citeinfo>
            <origin>Bohannon Huston, Inc. (BHI)</origin>
            <pubdate>2006</pubdate>
            <title>2005 NM Statewide Orthophotography</title>
            <edition>1.0</edition>
            <geoform>raster digital data</geoform>
            <pubinfo>
              <pubplace>Albuquerque, NM</pubplace>
              <publish>Bohannon Huston, Inc.</publish>
            </pubinfo>
          </citeinfo>
        </srccite>
        <srcscale>12000</srcscale>
        <typesrc>disc</typesrc>
        <srctime>
          <timeinfo>
            <rngdates>
              <begdate>20050707</begdate>
              <enddate>20060917</enddate>
            </rngdates>
          </timeinfo>
          <srccurr>ground condition</srccurr>
        </srctime>
        <srccitea>BHI</srccitea>
        <srccontr>The 2005 NM Statewide Orthophotography project provided aerotriangulated aerial photographs from which ground elevations were autocorrelated.</srccontr>
      </srcinfo>
      <procstep>
        <procdesc>MicroStation design files (.dgn) containing autocorrelated ground elevations were created from aerial photographs using Intergraph's ImageStation Automatic Elevations.</procdesc>
        <procdate>2009</procdate>
        <proccont>
          <cntinfo>
            <cntorgp>
              <cntorg>Bohannan-Huston, Inc.</cntorg>
              <cntper>Dennis Sandin</cntper>
            </cntorgp>
            <cntpos>Senior Vice President &amp; Managing Principal</cntpos>
            <cntaddr>
              <addrtype>mailing and physical address</addrtype>
              <address>7500 Jefferson St NE</address>
              <address>Courtyard I</address>
              <city>Albuquerque</city>
              <state>NM</state>
              <postal>87109-4335</postal>
              <country>USA</country>
            </cntaddr>
            <cntvoice>505-798-7925</cntvoice>
            <cntfax>505-798-7932</cntfax>
            <cntemail>dsandin@bhinc.com</cntemail>
            <hours>8-5 M-Th 8-4:30 F (Mountain Time)</hours>
            <cntinst>Contact Mr. Sandin and he will put the caller in touch with the appropriate technical staff.</cntinst>
          </cntinfo>
        </proccont>
      </procstep>
      <procstep>
        <procdesc>MicroStation design files containing ground elevations were clipped to eliminate overlap between stereomodels and combined into output quad sized tiles in LiDAR binary format (.las) format.</procdesc>
        <procdate>2009</procdate>
        <proccont>
          <cntinfo>
            <cntorgp>
              <cntorg>Bohannan-Huston, Inc.</cntorg>
              <cntper>Dennis Sandin</cntper>
            </cntorgp>
            <cntpos>Senior Vice President &amp; Managing Principal</cntpos>
            <cntaddr>
              <addrtype>mailing and physical address</addrtype>
              <address>7500 Jefferson St NE</address>
              <address>Courtyard I</address>
              <city>Albuquerque</city>
              <state>NM</state>
              <postal>87109-4335</postal>
              <country>USA</country>
            </cntaddr>
            <cntvoice>505-798-7925</cntvoice>
            <cntfax>505-798-7932</cntfax>
            <cntemail>dsandin@bhinc.com</cntemail>
            <hours>8-5 M-Th 8-4:30 F (Mountain Time)</hours>
            <cntinst>Contact Mr. Sandin and he will put the caller in touch with the appropriate technical staff.</cntinst>
          </cntinfo>
        </proccont>
      </procstep>
      <procstep>
        <procdesc>Las files containing the points for each model were processed both manually and via filters to declassify points coincident with structures, vegetation, water, and other features that did not constitute the surface of the ground within TerraScan.  The output was saved into a new LiDAR binary format (.las).</procdesc>
        <procdate>2009</procdate>
        <proccont>
          <cntinfo>
            <cntorgp>
              <cntorg>Bohannan-Huston, Inc.</cntorg>
              <cntper>Dennis Sandin</cntper>
            </cntorgp>
            <cntpos>Senior Vice President &amp; Managing Principal</cntpos>
            <cntaddr>
              <addrtype>mailing and physical address</addrtype>
              <address>7500 Jefferson St NE</address>
              <address>Courtyard I</address>
              <city>Albuquerque</city>
              <state>NM</state>
              <postal>87109-4335</postal>
              <country>USA</country>
            </cntaddr>
            <cntvoice>505-798-7925</cntvoice>
            <cntfax>505-798-7932</cntfax>
            <cntemail>dsandin@bhinc.com</cntemail>
            <hours>8-5 M-Th 8-4:30 F (Mountain Time)</hours>
            <cntinst>Contact Mr. Sandin and he will put the caller in touch with the appropriate technical staff.</cntinst>
          </cntinfo>
        </proccont>
      </procstep>
      <procstep>
        <procdesc>LiDAR binary format files were converted to ASCII grid files using InRoads SDK.</procdesc>
        <procdate>2009</procdate>
        <proccont>
          <cntinfo>
            <cntorgp>
              <cntorg>Bohannan-Huston, Inc.</cntorg>
              <cntper>Dennis Sandin</cntper>
            </cntorgp>
            <cntpos>Senior Vice President &amp; Managing Principal</cntpos>
            <cntaddr>
              <addrtype>mailing and physical address</addrtype>
              <address>7500 Jefferson St NE</address>
              <address>Courtyard I</address>
              <city>Albuquerque</city>
              <state>NM</state>
              <postal>87109-4335</postal>
              <country>USA</country>
            </cntaddr>
            <cntvoice>505-798-7925</cntvoice>
            <cntfax>505-798-7932</cntfax>
            <cntemail>dsandin@bhinc.com</cntemail>
            <hours>8-5 M-Th 8-4:30 F (Mountain Time)</hours>
            <cntinst>Contact Mr. Sandin and he will put the caller in touch with the appropriate technical staff.</cntinst>
          </cntinfo>
        </proccont>
      </procstep>
      <procstep>
        <procdesc>The ESRI ASCII grid format files were converted to hill shade tif format files using the Hillshade program (http://www.perrygeo.net/) and GDAL.</procdesc>
        <procdate>2009</procdate>
        <proccont>
          <cntinfo>
            <cntorgp>
              <cntorg>Bohannan-Huston, Inc.</cntorg>
              <cntper>Dennis Sandin</cntper>
            </cntorgp>
            <cntpos>Senior Vice President &amp; Managing Principal</cntpos>
            <cntaddr>
              <addrtype>mailing and physical address</addrtype>
              <address>7500 Jefferson St NE</address>
              <address>Courtyard I</address>
              <city>Albuquerque</city>
              <state>NM</state>
              <postal>87109-4335</postal>
              <country>USA</country>
            </cntaddr>
            <cntvoice>505-798-7925</cntvoice>
            <cntfax>505-798-7932</cntfax>
            <cntemail>dsandin@bhinc.com</cntemail>
            <hours>8-5 M-Th 8-4:30 F (Mountain Time)</hours>
            <cntinst>Contact Mr. Sandin and he will put the caller in touch with the appropriate technical staff.</cntinst>
          </cntinfo>
        </proccont>
      </procstep>
    </lineage>
  </dataqual>
  <spdoinfo>
    <direct>Raster</direct>
    <rastinfo>
      <rasttype>Pixel</rasttype>
      <rowcount>1229</rowcount>
      <colcount>1428</colcount>
      <vrtcount>1</vrtcount>
    </rastinfo>
  </spdoinfo>
  <spref>
    <horizsys>
      <planar>
        <gridsys>
          <gridsysn>Universal Transverse Mercator</gridsysn>
          <utm>
            <utmzone>13</utmzone>
            <transmer>
              <sfctrmer>0.999600</sfctrmer>
              <longcm>-105.000000</longcm>
              <latprjo>0.000000</latprjo>
              <feast>500000.000000</feast>
              <fnorth>0.000000</fnorth>
            </transmer>
          </utm>
        </gridsys>
        <planci>
          <plance>row and column</plance>
          <coordrep>
            <absres>10.000000</absres>
            <ordres>10.000000</ordres>
          </coordrep>
          <plandu>meters</plandu>
        </planci>
      </planar>
      <geodetic>
        <horizdn>North American Datum of 1983</horizdn>
        <ellips>Geodetic Reference System 80</ellips>
        <semiaxis>6378137.000000</semiaxis>
        <denflat>298.257222</denflat>
      </geodetic>
    </horizsys>
    <vertdef>
      <altsys>
        <altdatum>North American Vertical Datum of 1988</altdatum>
        <altres>0.01</altres>
        <altunits>meters</altunits>
        <altenc>Implicit coordinate</altenc>
      </altsys>
    </vertdef>
  </spref>
  <eainfo>
    <detailed>
      <enttyp>
        <enttypl>
31107-h1</enttypl>
        <enttypd>filename</enttypd>
        <enttypds>3001</enttypds>
      </enttyp>
    </detailed>
    <overview>
      <eaover>The hillshade is a grayscale image which shows a rendering of the terrain beneath it by showing the shadows that would result during the daytime.</eaover>
      <eadetcit>TIFF 6.0 Specification Coverage: http://www.remotesensing.org/libtiff/support.html</eadetcit>
    </overview>
  </eainfo>
  <distinfo>
    <distrib>
      <cntinfo>
        <cntorgp>
          <cntorg>Earth Data Analysis Center</cntorg>
        </cntorgp>
        <cntpos>RGIS Clearinghouse Manager</cntpos>
        <cntaddr>
          <addrtype>mailing and physical address</addrtype>
          <address>MSCO1 1110</address>
          <address>1 University of New Mexico</address>
          <address>University of New Mexico</address>
          <city>Albuquerque</city>
          <state>NM</state>
          <postal>87131-0001</postal>
          <country>USA</country>
        </cntaddr>
        <cntvoice>505-277-3622</cntvoice>
        <cntfax>505-277-3614</cntfax>
        <cntemail>clearinghouse@edac.unm.edu</cntemail>
      </cntinfo>
    </distrib>
    <resdesc>31107-h1</resdesc>
    <distliab>RGIS provides these geographic data "as is" and makes no guarantee or warranty concerning the accuracy of information contained in the geographic data. RGIS further makes no warranties, either expressed or implied as to any other matter whatsoever, including, without limitation, the condition of the product, or its fitness for any particular purpose. The burden for determining fitness for use lies entirely with the user. Although these data have been processed    successfully on computers of Bohannon-Huston, Inc. and/or 3001, Inc. and served by RGIS, no warranty, expressed or implied, is made by RGIS or 3001, Inc. regarding the use of these data on any other system, nor does the fact of distribution constitute or imply any such warranty. In no event shall RGIS, Bohannon-Huston, Inc., or 3001, Inc. have any liability whatsoever for payment of any consequential, incidental, indirect, special, or tort damages of any kind, including, but not limited to, any loss of profits arising out of use of or reliance on the geographic data or arising out of the delivery, installation, operation, or support by RGIS.</distliab>
    <stdorder>
      <digform>
        <digtinfo>
          <formname>Tagged Image File Format (TIFF)</formname>
          <formvern>6.0</formvern>
          <formspec>TIFF 6.0 Specification Coverage (http://www.remotesensing.org/libtiff/support.html)</formspec>
          <formcont>raster image data</formcont>
          <filedec>no compression applied</filedec>
        </digtinfo>
        <digtopt>
          <onlinopt>
            <computer>
              <networka>
                <networkr>http://rgis.unm.edu/</networkr>
              </networka>
            </computer>
          </onlinopt>
        </digtopt>
      </digform>
      <fees>None.  The files are available to download from RGIS.</fees>
      <ordering>Download from RGIS: http://rgis.unm.edu/ for digital elevation model (.dem) files.</ordering>
    </stdorder>
    <custom>The contour shapefiles are too large for data download through RGIS and therefore will need to be ordered through clearinghouse@edac.unm.edu. For information on ordering contour shapefiles on CD-ROMs, DVD-ROMs, or external hard disk drive(s), contact the Earth Data Analysis Center through clearinghouse@edac.unm.edu. Charges and delivery schedule for custom orders will vary depending on the size of the order.</custom>
  </distinfo>
  <metainfo>
    <metd>20090416</metd>
    <metc>
      <cntinfo>
        <cntorgp>
          <cntorg>Bohannan-Huston, Inc.</cntorg>
          <cntper>Zachary L. Stauber</cntper>
        </cntorgp>
        <cntpos>Systems Manager</cntpos>
        <cntaddr>
          <addrtype>mailing and physical address</addrtype>
          <address>7500 Jefferson St NE</address>
          <address>Courtyard I</address>
          <city>Albuquerque</city>
          <state>NM</state>
          <postal>87109-4335</postal>
          <country>USA</country>
        </cntaddr>
        <cntvoice>505-798-7970</cntvoice>
        <cntfax>505-798-7932</cntfax>
        <cntemail>zstauber@bhinc.com</cntemail>
        <hours>8-5 M-Th 8-4:30 F (Mountain Time)</hours>
      </cntinfo>
    </metc>
    <metstdn>FGDC Content Standards for Digital Geospatial Metadata</metstdn>
    <metstdv>FGDC-STD-001-1998</metstdv>
    <mettc>local time</mettc>
    <metextns>
      <onlink>http://www.esri.com/metadata/esriprof80.html</onlink>
      <metprof>ESRI Metadata Profile</metprof>
    </metextns>
  </metainfo>
</metadata>